{
    "Sky": {
        "color_": [
            0.5600000023841858,
            1.0,
            0.1599999964237213
        ],
        "toColor_": [
            0.4399999976158142,
            1.0,
            0.15000000596046448
        ]
    }
}
