{
    "directionSpeed_": 0.008999999612569809,
    "initializePosition_": [
        0.0,
        10.0,
        0.0
    ],
    "speed_": 0.10000000149011612
}
