{
    "directionSpeed_": 0.029999999329447746,
    "gravity_": 0.03999999910593033,
    "initializePosition_": [
        0.0,
        50.0,
        0.0
    ],
    "maxSpeed_": 1.5,
    "resistance_": 0.9950000047683716,
    "speed_": 0.0
}
